{
  "type": "Topology",
  "transform": {
    "scale": [0.007898374251299942, 0.003946132450970359],
    "translate": [-180, -55.91391747071693]
  }
}
